{"cameraMode":{"drawMode":0,"name":"Shaded","section":"Shading Mode"},"sceneLighting":false,"audioPlay":false,"sceneViewState":{"showFog":false,"showMaterialUpdate":false,"showSkybox":false,"showFlares":false,"showImageEffects":false,"showParticleSystems":false},"in2DMode":false,"pivot":{"x":11.420000076293946,"y":4.5040998458862309,"z":-3.4585447311401369},"rotation":{"x":0.2257346361875534,"y":-0.6982291340827942,"z":0.249580979347229,"w":0.6319331526756287},"size":3.0455453395843508,"orthographic":false}