{"cameraMode":{"drawMode":0,"name":"Shaded","section":"Shading Mode"},"sceneLighting":false,"audioPlay":false,"sceneViewState":{"showFog":false,"showMaterialUpdate":false,"showSkybox":false,"showFlares":false,"showImageEffects":false,"showParticleSystems":false},"in2DMode":false,"pivot":{"x":-387.21728515625,"y":-205.458740234375,"z":-38.94758605957031},"rotation":{"x":0.16322733461856843,"y":-0.7096843123435974,"z":0.17480844259262086,"w":0.6627200245857239},"size":250.04998779296876,"orthographic":false}