{"cameraMode":{"drawMode":0,"name":"Shaded","section":"Shading Mode"},"sceneLighting":false,"audioPlay":false,"sceneViewState":{"showFog":false,"showMaterialUpdate":false,"showSkybox":false,"showFlares":false,"showImageEffects":false,"showParticleSystems":false},"in2DMode":false,"pivot":{"x":-145.13853454589845,"y":-28.007801055908204,"z":-6.856287956237793},"rotation":{"x":0.11725305020809174,"y":-0.7202281355857849,"z":0.1257723867893219,"w":0.6721604466438294},"size":52.696434020996097,"orthographic":false}