{"cameraMode":{"drawMode":0,"name":"Shaded","section":"Shading Mode"},"sceneLighting":false,"audioPlay":false,"sceneViewState":{"showFog":false,"showMaterialUpdate":false,"showSkybox":false,"showFlares":false,"showImageEffects":false,"showParticleSystems":false},"in2DMode":false,"pivot":{"x":0.3052222728729248,"y":-35.79344940185547,"z":94.34823608398438},"rotation":{"x":0.19198587536811829,"y":0.016763372346758844,"z":-0.003192477859556675,"w":0.9813103079795837},"size":55.067771911621097,"orthographic":false}