{"cameraMode":{"drawMode":0,"name":"Shaded","section":"Shading Mode"},"sceneLighting":false,"audioPlay":false,"sceneViewState":{"showFog":false,"showMaterialUpdate":false,"showSkybox":false,"showFlares":false,"showImageEffects":false,"showParticleSystems":false},"in2DMode":false,"pivot":{"x":-73.4710464477539,"y":-62.25944519042969,"z":-7.925695419311523},"rotation":{"x":0.2257346361875534,"y":-0.6982291340827942,"z":0.249580979347229,"w":0.6319331526756287},"size":52.696434020996097,"orthographic":false}