{"cameraMode":{"drawMode":0,"name":"Shaded","section":"Shading Mode"},"sceneLighting":false,"audioPlay":false,"sceneViewState":{"showFog":false,"showMaterialUpdate":false,"showSkybox":false,"showFlares":false,"showImageEffects":false,"showParticleSystems":false},"in2DMode":false,"pivot":{"x":286.2919921875,"y":129.72235107421876,"z":-12.936431884765625},"rotation":{"x":-0.046483103185892108,"y":0.0030101912561804058,"z":0.00014138632104732096,"w":0.9989259243011475},"size":145.89422607421876,"orthographic":false}