{"cameraMode":{"drawMode":0,"name":"Shaded","section":"Shading Mode"},"sceneLighting":false,"audioPlay":false,"sceneViewState":{"showFog":false,"showMaterialUpdate":false,"showSkybox":false,"showFlares":false,"showImageEffects":false,"showParticleSystems":false},"in2DMode":false,"pivot":{"x":60.946678161621097,"y":2.530261993408203,"z":-46.515472412109378},"rotation":{"x":0.017079433426260949,"y":-0.962273895740509,"z":0.062155429273843768,"w":0.2644408047199249},"size":33.87965393066406,"orthographic":false}