{"cameraMode":{"drawMode":0,"name":"Shaded","section":"Shading Mode"},"sceneLighting":false,"audioPlay":false,"sceneViewState":{"showFog":false,"showMaterialUpdate":false,"showSkybox":false,"showFlares":false,"showImageEffects":false,"showParticleSystems":false},"in2DMode":false,"pivot":{"x":-29.797807693481447,"y":-8.07123851776123,"z":5.076807022094727},"rotation":{"x":0.061399515718221667,"y":-0.5939643383026123,"z":0.045516010373830798,"w":0.8008965849876404},"size":27.66742515563965,"orthographic":false}