{"cameraMode":{"drawMode":0,"name":"Shaded","section":"Shading Mode"},"sceneLighting":false,"audioPlay":false,"sceneViewState":{"showFog":false,"showMaterialUpdate":false,"showSkybox":false,"showFlares":false,"showImageEffects":false,"showParticleSystems":false},"in2DMode":false,"pivot":{"x":-204.62530517578126,"y":-40.77014923095703,"z":19.234758377075197},"rotation":{"x":-0.10146237909793854,"y":0.6511714458465576,"z":-0.08843781054019928,"w":-0.74692702293396},"size":139.58372497558595,"orthographic":false}