{"cameraMode":{"drawMode":0,"name":"Shaded","section":"Shading Mode"},"sceneLighting":false,"audioPlay":false,"sceneViewState":{"showFog":false,"showMaterialUpdate":false,"showSkybox":false,"showFlares":false,"showImageEffects":false,"showParticleSystems":false},"in2DMode":false,"pivot":{"x":-456.48931884765627,"y":10.32580852508545,"z":-4.906221389770508},"rotation":{"x":0.09898436814546585,"y":-0.7028180956840515,"z":0.0997588038444519,"w":0.6973543167114258},"size":3.345088481903076,"orthographic":false}