{"cameraMode":{"drawMode":0,"name":"Shaded","section":"Shading Mode"},"sceneLighting":false,"audioPlay":false,"sceneViewState":{"showFog":false,"showMaterialUpdate":false,"showSkybox":false,"showFlares":false,"showImageEffects":false,"showParticleSystems":false},"in2DMode":false,"pivot":{"x":-345.51837158203127,"y":-254.33372497558595,"z":95.89968872070313},"rotation":{"x":0.23275764286518098,"y":-0.5842075943946838,"z":0.17976824939250947,"w":0.7564782500267029},"size":250.04998779296876,"orthographic":false}