{"cameraMode":{"drawMode":0,"name":"Shaded","section":"Shading Mode"},"sceneLighting":false,"audioPlay":false,"sceneViewState":{"showFog":false,"showMaterialUpdate":false,"showSkybox":false,"showFlares":false,"showImageEffects":false,"showParticleSystems":false},"in2DMode":false,"pivot":{"x":7.748678684234619,"y":4.5161261558532719,"z":-0.24901476502418519},"rotation":{"x":0.1737152636051178,"y":-0.6585206985473633,"z":0.16012237966060639,"w":0.7145586013793945},"size":6.746703147888184,"orthographic":false}