{"cameraMode":{"drawMode":0,"name":"Shaded","section":"Shading Mode"},"sceneLighting":false,"audioPlay":false,"sceneViewState":{"showFog":false,"showMaterialUpdate":false,"showSkybox":false,"showFlares":false,"showImageEffects":false,"showParticleSystems":false},"in2DMode":false,"pivot":{"x":-199.49732971191407,"y":-22.29338836669922,"z":-244.53414916992188},"rotation":{"x":0.06461737304925919,"y":-0.6660555601119995,"z":0.05809091404080391,"w":0.7408291697502136},"size":95.93922424316406,"orthographic":false}