{"cameraMode":{"drawMode":0,"name":"Shaded","section":"Shading Mode"},"sceneLighting":false,"audioPlay":false,"sceneViewState":{"showFog":false,"showMaterialUpdate":false,"showSkybox":false,"showFlares":false,"showImageEffects":false,"showParticleSystems":false},"in2DMode":false,"pivot":{"x":20.85778045654297,"y":1.6841919422149659,"z":-4.185705184936523},"rotation":{"x":-0.23035943508148194,"y":0.6572183966636658,"z":-0.221811905503273,"w":-0.6825209259986877},"size":6.321818828582764,"orthographic":false}