{"cameraMode":{"drawMode":0,"name":"Shaded","section":"Shading Mode"},"sceneLighting":false,"audioPlay":false,"sceneViewState":{"showFog":false,"showMaterialUpdate":false,"showSkybox":false,"showFlares":false,"showImageEffects":false,"showParticleSystems":false},"in2DMode":false,"pivot":{"x":308.987548828125,"y":197.16978454589845,"z":0.59405517578125},"rotation":{"x":0.025496607646346093,"y":-0.010483003221452237,"z":0.0002686173829715699,"w":0.9996310472488403},"size":125.4064712524414,"orthographic":false}