{"cameraMode":{"drawMode":0,"name":"Shaded","section":"Shading Mode"},"sceneLighting":false,"audioPlay":false,"sceneViewState":{"showFog":false,"showMaterialUpdate":false,"showSkybox":false,"showFlares":false,"showImageEffects":false,"showParticleSystems":false},"in2DMode":false,"pivot":{"x":307.4317321777344,"y":-139.718994140625,"z":-192.5860595703125},"rotation":{"x":-0.10135937482118607,"y":-0.8572816252708435,"z":0.18484875559806825,"w":-0.46976763010025027},"size":252.51718139648438,"orthographic":false}