{"cameraMode":{"drawMode":0,"name":"Shaded","section":"Shading Mode"},"sceneLighting":false,"audioPlay":false,"sceneViewState":{"showFog":false,"showMaterialUpdate":false,"showSkybox":false,"showFlares":false,"showImageEffects":false,"showParticleSystems":false},"in2DMode":false,"pivot":{"x":-175.59628295898438,"y":-120.23049926757813,"z":-55.2847900390625},"rotation":{"x":0.17520025372505189,"y":-0.7828555703163147,"z":0.2537960410118103,"w":0.5404177308082581},"size":148.5417022705078,"orthographic":false}