{"cameraMode":{"drawMode":0,"name":"Shaded","section":"Shading Mode"},"sceneLighting":false,"audioPlay":false,"sceneViewState":{"showFog":false,"showMaterialUpdate":false,"showSkybox":false,"showFlares":false,"showImageEffects":false,"showParticleSystems":false},"in2DMode":false,"pivot":{"x":-38.68451690673828,"y":6.126262664794922,"z":-14.188664436340332},"rotation":{"x":0.2685500681400299,"y":-0.6465363502502441,"z":0.26122981309890749,"w":0.6646019220352173},"size":44.30363082885742,"orthographic":false}