{"cameraMode":{"drawMode":0,"name":"Shaded","section":"Shading Mode"},"sceneLighting":false,"audioPlay":false,"sceneViewState":{"showFog":false,"showMaterialUpdate":false,"showSkybox":false,"showFlares":false,"showImageEffects":false,"showParticleSystems":false},"in2DMode":false,"pivot":{"x":-80.59030151367188,"y":-33.56456756591797,"z":19.442293167114259},"rotation":{"x":0.17315545678138734,"y":-0.6189919710159302,"z":0.1425560712814331,"w":0.7527559399604797},"size":52.696434020996097,"orthographic":false}