{"cameraMode":{"drawMode":0,"name":"Shaded","section":"Shading Mode"},"sceneLighting":false,"audioPlay":false,"sceneViewState":{"showFog":false,"showMaterialUpdate":false,"showSkybox":false,"showFlares":false,"showImageEffects":false,"showParticleSystems":false},"in2DMode":false,"pivot":{"x":-29.462432861328126,"y":-0.8012137413024902,"z":-10.460783004760743},"rotation":{"x":0.2131718397140503,"y":-0.10151363164186478,"z":0.0222798939794302,"w":0.9715021252632141},"size":6.746703147888184,"orthographic":false}