{"cameraMode":{"drawMode":0,"name":"Shaded","section":"Shading Mode"},"sceneLighting":false,"audioPlay":false,"sceneViewState":{"showFog":false,"showMaterialUpdate":false,"showSkybox":false,"showFlares":false,"showImageEffects":false,"showParticleSystems":false},"in2DMode":false,"pivot":{"x":-568.264404296875,"y":-46.62523651123047,"z":50.063873291015628},"rotation":{"x":0.2027861624956131,"y":-0.4559338688850403,"z":0.10755681246519089,"w":0.8599420785903931},"size":77.72444915771485,"orthographic":false}