{"cameraMode":{"drawMode":0,"name":"Shaded","section":"Shading Mode"},"sceneLighting":false,"audioPlay":false,"sceneViewState":{"showFog":false,"showMaterialUpdate":false,"showSkybox":false,"showFlares":false,"showImageEffects":false,"showParticleSystems":false},"in2DMode":false,"pivot":{"x":21.92498779296875,"y":174.1898193359375,"z":183.3106689453125},"rotation":{"x":0.05599452555179596,"y":0.2697395980358124,"z":0.015714339911937715,"w":-0.9611775279045105},"size":283.02081298828127,"orthographic":false}