{"cameraMode":{"drawMode":0,"name":"Shaded","section":"Shading Mode"},"sceneLighting":false,"audioPlay":false,"sceneViewState":{"showFog":false,"showMaterialUpdate":false,"showSkybox":false,"showFlares":false,"showImageEffects":false,"showParticleSystems":false},"in2DMode":false,"pivot":{"x":11.517333030700684,"y":3.5040998458862306,"z":-3.4585447311401369},"rotation":{"x":-0.10146237909793854,"y":0.6511714458465576,"z":-0.08843781054019928,"w":-0.74692702293396},"size":1.4660255908966065,"orthographic":false}