{"cameraMode":{"drawMode":0,"name":"Shaded","section":"Shading Mode"},"sceneLighting":false,"audioPlay":false,"sceneViewState":{"showFog":false,"showMaterialUpdate":false,"showSkybox":false,"showFlares":false,"showImageEffects":false,"showParticleSystems":false},"in2DMode":false,"pivot":{"x":30.077545166015626,"y":0.23093241453170777,"z":4.9342217445373539},"rotation":{"x":0.056605610996484759,"y":-0.7243180871009827,"z":0.059894636273384097,"w":0.684562623500824},"size":32.28342819213867,"orthographic":false}