{"cameraMode":{"drawMode":0,"name":"Shaded","section":"Shading Mode"},"sceneLighting":false,"audioPlay":false,"sceneViewState":{"showFog":false,"showMaterialUpdate":false,"showSkybox":false,"showFlares":false,"showImageEffects":false,"showParticleSystems":false},"in2DMode":false,"pivot":{"x":274.7731018066406,"y":151.05577087402345,"z":172.56228637695313},"rotation":{"x":-0.025805799290537835,"y":0.008094416931271553,"z":-0.00020893292094115168,"w":-0.9996350407600403},"size":228.62777709960938,"orthographic":false}