{"cameraMode":{"drawMode":0,"name":"Shaded","section":"Shading Mode"},"sceneLighting":false,"audioPlay":false,"sceneViewState":{"showFog":false,"showMaterialUpdate":false,"showSkybox":false,"showFlares":false,"showImageEffects":false,"showParticleSystems":false},"in2DMode":false,"pivot":{"x":-342.0339660644531,"y":-25.819259643554689,"z":116.95966339111328},"rotation":{"x":-0.2099294811487198,"y":0.005276355426758528,"z":-0.0011346213286742569,"w":-0.9777270555496216},"size":117.70309448242188,"orthographic":false}