{"cameraMode":{"drawMode":0,"name":"Shaded","section":"Shading Mode"},"sceneLighting":false,"audioPlay":false,"sceneViewState":{"showFog":false,"showMaterialUpdate":false,"showSkybox":false,"showFlares":false,"showImageEffects":false,"showParticleSystems":false},"in2DMode":false,"pivot":{"x":30.4571533203125,"y":2.1272058486938478,"z":-6.236650466918945},"rotation":{"x":0.04101749137043953,"y":-0.792060911655426,"z":0.05354870483279228,"w":0.6067505478858948},"size":33.87965393066406,"orthographic":false}